{"cameraMode":{"drawMode":0,"name":"Shaded","section":"Shading Mode"},"sceneLighting":true,"audioPlay":false,"sceneViewState":{"m_AlwaysRefresh":false,"showFog":true,"showSkybox":true,"showFlares":true,"showImageEffects":true,"showParticleSystems":true,"showVisualEffectGraphs":true,"m_FxEnabled":true},"in2DMode":false,"pivot":{"x":-1.415543556213379,"y":-0.8091312646865845,"z":1.8324894905090333},"rotation":{"x":-0.012534644454717636,"y":0.984954297542572,"z":-0.1526985764503479,"w":-0.08064098656177521},"size":2.7591536045074465,"orthographic":false}